Gambar,Label,EAR,MAR,Nose X,Nose Y
1,0,1.6445035164750208,6.125577549706562,263,609
2,0,1.491481725392788,6.066947482624793,264,611
3,0,1.4836202004112948,7.744471501763662,264,613
4,0,1.6468641392865848,6.253368157956628,275,608
5,0,,,,
6,0,1.5462596901231844,8.244476645880766,271,609
7,0,1.5512422094219636,14.669667163538607,277,609
8,0,1.6068451028011705,9.503229805202304,278,611
9,0,1.6553283301753265,29.0,278,618
10,0,1.6202171303902273,5.053731555065231,280,617
11,0,1.507677488631529,7.928834552265068,278,615
12,0,1.9617982893585286,4.81828372982473,281,615
13,0,1.6633118144661263,4.536709614265241,283,614
14,0,,,,
15,0,1.6695749547655572,4.16013244168662,287,621
16,0,1.9082731662372674,3.890078389163913,294,619
17,0,1.9579088410700765,2.9373521287861837,287,622
18,0,1.8831851371462016,2.750197472624293,292,611
19,0,1.640824388119864,3.039183561790952,287,615
20,0,1.7227127738583512,3.6149247877879205,284,617
21,0,1.927805595167578,2.953738472581427,282,623
22,0,1.659479447480184,2.6377500199832613,278,624
23,0,1.6626329892537735,2.892233067568752,282,631
24,0,1.5225208896211688,3.1167186388398345,281,616
25,0,1.636570052573787,3.1525310761512753,281,623
26,0,1.5481755106678499,3.0781472571171435,277,616
27,0,1.905434805335053,3.856924918364243,276,634
28,0,1.6573709902383091,3.0946066413494777,280,623
29,0,1.6415455325218067,3.519846257578872,283,624
30,0,,,,
31,0,,,,
32,0,,,,
33,0,,,,
34,0,1.6339122629931466,2.413755594908316,294,625
35,0,1.865709667647379,3.181658918471425,297,618
36,0,1.6619689148637973,2.6530094347005884,288,620
37,0,1.8539664556965654,2.628169842688114,293,626
38,0,,,,
39,0,,,,
40,0,1.893309333990644,2.753050731455131,276,623
41,0,1.668134189379317,2.866265125139195,283,614
42,0,2.23794596105144,3.468797894072761,274,615
43,0,2.1120407777744017,2.81833408888668,267,622
44,0,1.7259023083394442,2.728943494627324,269,614
45,0,1.7028607152034625,3.2166584509435534,273,611
46,0,1.9237705257056787,2.985407941014569,266,615
47,0,1.592905428913168,2.5495228894554898,260,624
48,0,1.8584361081456127,2.5564679856320094,266,618
49,0,,,,
50,0,,,,
51,0,1.671105924608721,2.3247153365385187,271,617
52,0,1.726392322039428,2.5171971096910783,270,612
53,0,1.8151523790006303,2.3231894261075765,264,622
54,0,1.5935127354398766,2.3826687777145326,274,620
55,0,,,,
56,0,,,,
57,0,1.7099794559601442,2.38378894807677,275,611
58,0,1.6380999294616412,3.87527281231774,265,614
59,0,,,,
60,0,,,,
61,0,1.7194588239452329,2.0349944684546917,258,623
62,0,,,,
63,0,,,,
64,0,,,,
65,0,,,,
66,0,1.7004495352368783,5.8941410117735025,269,626
67,0,1.6252269628873823,2.6461000301063016,264,614
68,0,1.7245216973424382,2.1819637796275084,263,618
69,0,1.6021723854099807,2.6478766866172307,267,625
70,0,,,,
71,0,,,,
72,0,1.8065894900914565,2.371590541242984,255,616
73,0,,,,
74,0,1.5821903801320731,2.671898253346807,252,617
75,0,,,,
76,0,1.7896201738509359,2.202738380563058,255,615
77,0,1.6004312095705662,2.172249861208374,258,606
78,0,1.7064413626153767,2.199586811557193,257,620
79,0,1.6750978704172566,2.408089632532363,257,625
80,0,1.7397221212867238,4.011409288242615,256,622
81,0,1.4919514087987096,5.139791531873832,258,615
82,0,1.7170273844009747,4.955895954022097,261,611
83,0,,,,
84,0,1.7540766047652703,5.492441957821338,255,618
85,0,1.7012885448135036,3.3346403956484822,253,621
86,0,1.6185079443447656,6.875561623751439,255,617
87,0,,,,
88,0,1.7533228689161007,4.160731542728936,262,614
89,0,1.7403515756570087,4.11653113909732,257,619
90,0,,,,
91,0,1.693996097234101,3.710697190334574,257,619
92,0,1.6293960866640689,19.138523925853544,253,618
93,0,1.711136757332992,10.959382733361606,259,609
94,0,1.702697558274274,6.723436247924255,257,617
95,0,1.8800204974687835,4.8737333466135695,265,616
96,0,1.5677194939517238,17.62385127453569,266,618
97,0,1.6349962971555958,7.180677028056617,267,616
98,0,1.7795436039600736,9.201105999215322,269,619
99,0,1.705103395893989,8.011559825857127,258,615
100,0,1.7662607059321906,5.705278708242971,258,620
101,0,1.7713309179300745,6.113830785801764,255,616
102,0,,,,
103,0,1.8101348586039077,10.351472832648522,252,616
104,0,1.8655572885203748,10.621500883203755,257,614
105,0,1.8909471252130752,6.9984630183551975,253,622
106,0,1.8350123369697555,52.266575566393676,253,625
107,0,1.9493671223651998,6.475942127623618,247,633
108,0,1.8753964849091838,6.222278235160713,256,631
109,0,2.056760482729857,4.828558447906336,241,627
110,0,2.035898207687835,8.039974166228989,245,633
111,0,1.883435327905701,9.040674040025806,250,629
112,0,1.960301031996408,8.544613330203394,248,630
113,0,1.9788182574881632,8.288610552752536,248,626
114,0,2.380439128783176,6.9737046903002575,246,624
115,0,1.9417300537953697,7.7866310364756846,250,629
116,0,1.7093589932090556,4.98931800379197,250,625
117,0,1.8836939044744447,4.489104508212297,248,629
118,0,2.4358417035845745,7.119065217769322,250,629
119,0,2.1568482651407757,6.532133438764158,246,626
120,0,1.8783070685588856,8.051759785564611,248,625
121,0,,,,
122,0,,,,
123,0,1.771361515425819,3.7793513343443594,255,632
124,0,1.802706710301902,3.705852460108212,259,625
125,0,1.8412933938620315,3.975368521926699,253,630
126,0,1.7837467360515815,8.344911945195078,246,627
127,0,1.7070637103360427,9.257184839416396,263,623
128,0,,,,
129,0,1.6202297077333139,3.409012006451037,264,626
130,0,1.6117699974128814,3.2768090157959984,271,622
131,0,2.6634380509197193,10.648637231033582,438,700
132,0,2.904308201299078,9.387251233891785,433,703
133,0,2.3906606241278734,13.976424708069823,440,705
134,0,2.723629868285503,15.156985108924781,439,713
135,0,2.5082161710606106,12.225988568539819,445,710
136,0,2.4454176629077957,16.49311794514473,454,707
137,0,2.6283568424638624,8.088089630893595,457,704
138,0,2.7820558841105045,4.945300864755251,463,704
139,0,2.4552988290317685,28.073408391848034,474,694
140,0,2.619533090827769,8.157262876308918,471,689
141,0,3.1864359904112938,8.203476792083563,481,688
142,0,2.215731208280218,12.324924955033774,480,687
143,0,2.371485795218903,12.792310710874812,477,684
144,0,2.3856664490150776,13.336512338298492,479,686
145,0,2.8198883994275077,8.87973318560664,481,678
146,0,2.1080034710191535,14.430996743881142,475,680
147,0,2.275205177831288,5.776498482192327,475,683
148,0,2.3073726759084785,23.643814204772063,468,684
149,0,1.9847180534420046,6.4177324976427395,468,679
150,0,2.163437690801871,11.85128585476934,464,684
151,0,2.15858653157922,9.381805291761497,459,679
152,0,2.2042262057214153,13.267631580882794,467,681
153,0,2.0841756485382184,5.777863208851585,456,676
154,0,2.1381671553264527,17.111376714430218,459,678
155,0,1.9028121865621368,24.63626949984767,462,672
156,0,2.2757582272746584,11.728362805457268,464,672
157,0,2.2713481464338283,10.871790473553736,466,673
158,0,2.0835989426269768,20.975337153860526,476,673
159,0,2.399014834536232,12.788201836019054,480,676
160,0,2.2699141194125003,5.746200497800991,482,680
161,0,2.053599640835546,14.221485716459032,485,673
162,0,2.2025245968793343,7.591499162630955,489,673
163,0,2.288643708733261,11.214293453094841,501,676
164,0,2.1411228653060568,17.45384680564074,500,676
165,0,2.10265698442777,27.264482507871246,505,678
166,0,2.0820749147533824,18.78205730596261,512,679
167,0,2.1116783632357645,8.293522681968918,517,680
168,0,2.1252342746714135,34.19609918823413,521,681
169,0,2.609985894394885,20.0998793547158,523,683
170,0,2.186418638346735,20.260421684245244,528,682
171,0,2.2286207163883427,11.5770512934721,537,682
172,0,2.293412924525612,26.829978008830967,541,683
173,0,2.019881760535869,11.551998954166404,540,686
174,0,2.1204075158541604,13.37895363374174,555,684
175,0,2.119492126397496,36.17719524161583,546,684
176,0,2.2170971987282053,10.69349011903835,556,687
177,0,1.939717432804982,8.737871782253213,554,686
178,0,2.036655581445153,10.708804384580077,553,688
179,0,2.0102912949249823,11.216462681948242,560,689
180,0,2.2789380938047645,10.698510053606213,536,685
181,0,2.067356410566132,17.106673841989856,555,692
182,0,2.3981431054189595,5.953782168541959,546,695
183,0,2.0127932679650025,21.14425984725635,553,700
184,0,2.2971197101675624,20.859364577105303,549,699
185,0,1.7963304423597033,11.989812293669283,546,700
186,0,1.9671459799332112,14.50723980036994,551,701
187,0,2.100023093707918,8.824241913258236,547,693
188,0,1.9014351379285688,13.420728269288318,539,690
189,0,2.472023821590503,8.641083919377884,541,697
190,0,2.1661971694259092,4.14219528288823,538,695
191,0,2.1644711675130455,15.178807570226875,541,698
192,0,2.1552927168245954,8.509677874259097,532,695
193,0,2.073585108415119,7.602290394372982,529,699
194,0,1.95868243924017,9.767745861736753,526,699
195,0,2.2288928392275573,9.513494864612865,526,699
196,0,1.8838908227875901,10.01986952732797,520,699
197,0,2.2748736404397496,10.562440805359193,519,698
198,0,2.0007889754765102,17.43271187115237,514,701
199,0,2.068811350316247,12.018043060996849,519,695
200,0,2.036717332661196,8.543622068206458,512,699
201,0,2.1785972907832862,12.145950161265839,511,697
202,0,2.190550665015267,7.488483523746751,512,695
203,0,2.0658648019661277,14.852698701940891,505,696
204,0,2.0862230997280458,9.76437915200336,514,692
205,0,2.084016068029456,9.736169337447508,512,696
206,0,2.329785588341935,8.320730538251663,506,700
207,0,2.166028732491742,11.06195719370913,513,693
208,0,2.3783363992791022,15.397365106143512,508,699
209,0,2.296704682393612,10.049172341230694,509,695
210,0,2.1669980700167217,27.661814982795697,509,698
211,0,2.2234626680850185,7.574859257206868,508,699
212,0,2.274396210700063,16.81760487767474,507,701
213,0,2.404524476339805,11.464015396362722,504,700
214,0,2.343748568693332,13.316578163115643,503,698
215,0,2.5133717174352075,26.12425752880074,505,696
216,0,2.3184860725789482,9.50137667292727,506,699
217,0,2.45049387393215,13.995082889079136,504,700
218,0,2.6281165280992558,26.93312797791182,510,705
219,0,2.5181811046001625,14.669022536712074,501,708
220,0,2.689339905541795,28.220801549378713,506,701
221,0,2.783447647287473,11.038138702267034,501,703
222,0,2.777784741165884,10.774859709979252,502,700
223,0,2.503939537815805,10.353601874011082,497,703
224,0,2.487694087313483,14.788334950580875,499,703
225,0,2.210675177188377,21.369950889996705,502,702
226,0,2.5164546184970593,37.25334723396124,503,706
227,0,2.1358958376768564,inf,503,704
228,0,2.643429741981031,7.556173065416283,503,702
229,0,2.5395653127191933,15.516023221369093,501,709
230,0,2.0807402551447276,10.497617967110402,502,704
231,0,2.3279081307179963,14.61490496259053,493,705
232,0,2.453497829422224,9.4980414336696,495,710
233,0,2.8788956203475236,11.241353552377271,499,708
234,0,2.4179685054311832,37.20055143175867,497,712
235,0,2.715860475979797,10.662879191773705,495,710
236,0,2.466815941841548,9.596981499046498,499,714
237,0,2.44764941092298,9.363555754472678,498,712
238,0,2.388270490799691,39.04335712332565,496,712
239,0,2.5108025723266953,10.347173193493333,500,714
240,0,2.3263609782219214,14.547000521384385,495,713
241,0,2.4030107191905064,11.180206482550783,503,710
242,0,2.554367762213551,15.292055204068653,494,722
243,0,2.3861819705050724,12.107339708420094,499,718
244,0,2.265260012563858,9.733878012787907,496,715
245,0,2.4332398068322267,8.700354877653105,497,716
246,0,2.600751931518239,10.927827018185242,496,713
247,0,2.0432650344428187,10.419012346568602,502,715
248,0,2.504968400216055,8.989826851846148,500,714
249,0,2.2504706214923553,14.156416432689468,497,715
250,0,2.3694802316653023,22.22130371388851,498,717
251,0,2.743419296028671,12.067838519165864,498,716
252,0,2.1892307180331456,13.275757733329028,493,715
253,0,2.467842148301851,7.242858010913254,496,713
254,0,2.2094150325120463,14.315423975232147,495,718
255,0,2.4645199207893818,9.099826435351769,500,713
256,0,2.5246575448189525,14.129643223097794,496,716
257,0,2.134964083444237,9.997248806482522,505,712
258,0,2.170714095115963,8.627907052800936,499,716
259,0,2.237161023464759,36.354354715223714,501,713
260,0,2.5634601879517582,14.211215334317458,496,717
261,0,2.282896896995637,12.425522283871523,495,713
262,0,2.1473068206642667,10.19242027700825,498,712
263,0,1.9883822884768754,35.83879217128515,494,715
264,0,2.593249481308575,9.490275299098647,500,713
265,0,2.513844227653073,9.230001312686012,504,707
266,0,2.702427505895214,10.809002443094489,500,710
267,0,2.223942347917851,8.50146305127946,499,709
268,0,2.466145879003144,16.075820985427335,495,708
269,0,2.0294236222498636,10.106024659452235,502,708
270,0,2.2266787626557685,7.54773922024187,501,705
271,0,1.946476870214412,7.222222998788599,505,709
272,0,2.401653678412303,10.723221318335588,505,707
273,0,2.4709114629939313,8.72079189588107,502,705
274,0,2.2610901517082995,13.626743507618452,503,710
275,0,2.0887816444430722,18.193062678331408,502,707
276,0,2.555985948222839,5.8955596449543775,499,704
277,0,2.3560957284965918,6.358049715591585,496,705
278,0,2.323114911064912,9.205176561557114,497,711
279,0,2.216749726988743,9.72583788921282,498,707
280,0,2.287937258922333,10.156307770290615,495,703
281,0,2.40049758379356,8.079449855085203,497,702
282,0,2.5296094122706334,9.45993981776499,491,706
283,0,2.355998206627029,12.063507254938832,493,701
284,0,2.530001130639634,19.935973967232844,493,705
285,0,2.1396078207721265,15.898058739226022,497,702
286,0,2.1444984201075448,9.950481199841066,489,709
287,0,2.0923894870635573,53.429740349842426,488,705
288,0,2.230389823975746,24.993562011903602,488,709
289,0,2.156996639674578,14.781939425978408,487,707
290,0,2.3323973731554695,13.288885125400624,482,711
291,0,2.280939007361421,6.953205803997078,478,711
292,0,2.4404464956710594,10.17141192517238,482,709
293,0,2.424302484866194,16.031307483070403,485,707
294,0,2.75030120156457,11.074078895444732,476,710
295,0,2.7777217570103376,14.685045805456465,473,712
296,0,2.480365885958537,26.26459294021719,478,715
297,0,2.5686279415731237,13.373838376983405,476,709
298,0,2.6184263315983447,10.29834590615574,478,715
299,0,2.1341213918617954,8.401065440475444,481,711
300,0,2.2225157580470833,12.120410172580348,475,708
301,0,2.9734707415927843,10.683656126125285,476,714
302,0,2.5516437474244666,10.655282858967682,470,713
303,0,2.313276149789707,5.48019432760242,475,714
304,0,2.5628960089048443,11.000795388698197,478,709
305,0,2.3193851292471432,10.099754244897685,475,712
306,0,3.0202393935112726,14.636740197611246,475,714
307,0,2.4503780010205602,9.159140196400065,476,717
308,0,2.8688578536296,6.638974363962624,473,713
309,0,2.305732513607925,15.549487506171378,478,718
310,0,2.848197239665976,16.407695324873366,468,720
311,0,2.8317897072701763,7.743697948620446,471,712
312,0,2.7055632066961737,16.06536441470948,473,718
313,0,2.336779152642666,10.147696150165984,475,713
314,0,2.428029207043152,20.894737083481875,476,711
315,0,2.0038863836029632,10.531682529049784,473,718
316,0,2.9657439708697773,12.97348558700108,473,720
317,0,2.230349058318607,10.276787867276019,478,711
318,0,2.6970054382998123,7.454692146408683,471,715
319,0,2.353997576646137,13.277712538401746,471,718
320,0,2.275203482468638,27.556049567532693,477,714
321,0,2.457527387937931,10.025149130068916,467,718
322,0,2.314553003617908,10.462210830515977,474,715
323,0,2.7602601560566646,9.225532969841192,477,717
324,0,2.439981562478632,7.819487091184838,470,719
325,0,2.162137101886265,15.816305588781711,475,712
326,0,2.2177521993441713,9.030652615097427,480,715
327,0,2.1898629663298497,10.212716446909115,475,710
328,0,2.340477494346447,19.2273660668488,470,719
329,0,2.199249733477343,21.41759177281493,474,713
330,0,2.577604013131057,14.038958883913867,476,713
331,0,2.1969256523807754,15.527774585405279,469,715
332,0,2.0758923286872224,10.25577309417166,473,714
333,0,2.3508581674437377,8.10459731898444,481,712
334,0,2.3670993489207213,38.75924714827521,480,712
335,0,2.705808977535175,15.402309076358602,472,715
336,0,2.2760119901295495,10.319397700917978,482,711
337,0,2.206533024926701,28.048183715595943,480,709
338,0,2.127951724172528,8.703496043304241,475,709
339,0,2.188599414360574,13.778967304739158,478,711
340,0,2.2291133231199303,8.68158899274266,476,714
341,0,2.462171100130095,25.303358490184756,474,712
342,0,2.1027101335541265,22.994839728764198,474,712
343,0,1.9602528020115586,9.115583489115803,474,708
344,0,2.149995953967073,38.4630147954839,478,708
345,0,2.3200986812365665,6.892690039658994,474,710
346,0,2.2338742020282023,10.221973013451679,476,706
347,0,2.235357042623078,9.431730197273376,472,709
348,0,2.1802651088331726,13.150826684621315,478,706
349,0,1.982517207242657,13.156789194004258,472,708
350,0,2.0787992186413913,11.815268918760216,477,706
351,0,1.9775267765863098,7.099051192769226,474,707
352,0,2.5973834417837347,12.301784580922842,470,707
353,0,2.503571853031763,9.619204536151932,474,709
354,0,2.2760342432780485,19.568845511516944,466,713
355,0,2.2551212326845853,12.668461751273165,469,705
356,0,2.2187596086816894,6.889768979394624,469,708
357,0,2.221965078429079,7.18838914562865,461,711
358,0,2.166953816517128,9.867438764809465,463,714
359,0,2.228127565849297,13.972244762941976,462,708
360,0,2.333101869069692,11.950868848875158,460,707
361,0,2.060822073703833,12.880088191905052,463,709
362,0,1.9869383274880972,13.429892410267394,457,709
363,0,2.109209381475109,18.54709612837644,461,708
364,0,1.9476114891506087,11.48128667431616,464,705
365,0,2.245637128195926,16.754284767171406,459,700
366,0,2.0679540469766358,14.356573192347462,463,704
367,0,2.035767635981223,8.670365940039629,465,706
368,0,2.545027106737461,13.915012385395833,466,701
369,0,2.1287129805974967,15.154492808742978,463,703
370,0,2.2364439404036984,8.677174968096132,463,707
371,0,2.210001864051069,9.235548997818533,464,702
372,0,1.986775801888673,7.371780888089563,461,704
373,0,1.823926023507703,16.539400231301578,458,706
374,0,2.149092854443898,14.275393638835643,459,707
375,0,2.183764317825008,11.026838134306807,456,704
376,0,2.4358645433094166,8.70027002031186,457,703
377,0,2.0538824555905757,14.456612379056764,450,708
378,0,2.228259236552412,6.594092898856691,453,703
379,0,2.4993597920101376,30.147020734915735,456,708
380,0,2.1491981607390107,8.414926979469943,454,701
381,0,2.2589904594378236,21.699476077742233,453,708
382,0,2.2114216236310513,13.29186608786795,452,707
383,0,1.999596034518342,12.974824448446565,455,705
384,0,2.101855240335728,8.53684505412681,456,706
385,0,2.466523218288917,9.571731830194492,449,707
386,0,2.0132546973972247,13.393292835065761,462,703
387,0,2.19813817745296,9.262515444835913,457,707
388,0,2.0915413975769193,9.365764766489278,460,702
389,0,2.1444598568428495,7.655891892006797,450,705
390,0,2.3815772819737373,16.67059137803126,457,706
391,0,2.28600778463346,12.157418302368383,459,705
392,0,2.5119670605492104,13.475774507292236,458,707
393,0,1.9794919561833841,9.085923301321099,455,709
394,0,1.9971278370675334,9.80835677990531,453,708
395,0,2.1936410743328434,10.383583859210125,454,711
396,0,2.5536139326060026,10.800600647013189,453,717
397,0,2.388548837927067,9.413412601068519,454,711
398,0,2.4501212641145105,7.362345801278113,457,713
399,0,2.5661171122480706,28.79844555900395,449,717
400,0,2.322196023885079,7.844651911171638,453,714
401,0,2.547788323659413,7.748818352799906,450,720
402,0,2.4758382588162977,9.893854632421721,450,716
403,0,2.3698268923233927,10.624196627081316,444,714
404,0,2.7610814492367117,11.081963392229618,446,717
405,0,2.3592915860155794,12.59222773895424,450,717
406,0,2.8494282983774823,9.545008768153734,454,722
407,0,2.1832957351809417,9.252911553659231,443,728
408,0,2.4729277244537418,7.421270427649203,439,723
409,0,2.161538458718767,5.313458621448709,445,724
410,0,2.135624068979721,9.202207241677227,444,721
411,0,2.2943884608951115,5.908172251432283,436,726
412,0,1.9924746129348117,8.805700737140093,440,725
413,0,2.588713297119076,8.514867928206005,431,725
414,0,2.4851807189211828,7.966624523631722,436,727
415,0,2.2139437298868687,10.633148807402915,443,731
416,0,2.3044749869712313,4.172360877355496,441,728
417,0,2.259836921003708,8.835562908135563,441,729
418,0,2.2005245769536765,7.442759850877491,439,732
419,0,2.499846373530821,7.051791139541831,434,732
420,0,2.8797286656748406,8.079013245174899,433,736
421,0,2.3918988582170266,7.812781608630758,439,741
422,0,2.3040975085781703,12.441726495381015,438,736
423,0,2.512482611722095,7.991963890619803,434,739
424,0,2.2679385300090678,10.06143236052804,431,741
425,0,2.5803020950261013,5.5274701968271645,425,746
426,0,2.2717305358056628,4.938026283191937,434,744
427,0,2.4061709104424898,12.361998053155142,429,749
428,0,2.7833701017097594,4.249814134484224,428,753
429,0,2.2186141042386858,4.095238634536546,424,755
430,0,2.6603488681694625,5.6559274934828325,423,761
431,0,2.416917017288266,5.272274227782563,416,762
432,0,2.65117041242409,3.983726050404696,419,762
433,0,2.430143967361752,10.118304248567393,419,768
434,0,2.320743707361096,9.03394725914015,420,770
435,0,2.430166480974389,6.291568664708273,407,775
436,0,1.9112678607900966,4.15670098181071,411,772
437,0,2.125866226433997,4.183011244022492,407,775
438,0,2.3762397158792585,5.881721844334456,407,779
439,0,2.1875100908387424,5.7996540539957655,410,778
440,0,2.0012667815226908,5.968898378111367,405,771
441,0,2.1201223983899786,7.021897983463336,409,772
442,0,2.120099831621232,4.460947902881256,401,770
443,0,1.8541802562915168,14.211290724253635,416,768
444,0,2.1779784747757285,14.132035211036577,417,760
445,0,1.6937406839394369,5.001860489145132,398,758
446,0,1.831925530348236,42.79297315238587,422,758
447,0,1.8947065543132273,6.698724854074172,409,757
448,0,1.9590265800070292,7.728971415071483,407,759
449,0,1.8063968917172137,6.636937462804628,425,756
450,0,2.064843888712694,4.843301307502613,413,752
451,0,1.704274430808942,12.689529664742235,421,751
452,0,1.7599105551166785,5.861864308513823,427,742
453,0,1.958576704272387,8.815313189080388,424,742
454,0,1.7410087657188695,6.048213127721276,434,742
455,0,2.0521456511739764,6.85199786026209,434,737
456,0,1.9693051879000785,6.783948150454139,440,733
457,0,1.897489944560054,10.486719545784158,446,734
458,0,1.9248910153314767,6.3878450452155695,446,728
459,0,1.995898838137379,5.699713060917047,452,725
460,0,1.9438683407835773,11.250321884967939,459,724
461,0,2.0531629752588656,14.055371394822176,456,724
462,0,1.9922661067704164,9.30910474017338,458,723
463,0,2.1151317819742075,26.976513478011153,466,722
464,0,2.033485850076389,9.738053415305457,465,716
465,0,2.1038190251600115,11.917236964909005,468,716
466,0,1.9262041650279529,13.793491137087178,466,713
467,0,1.938213081979398,8.87082897232077,470,715
468,0,2.134245648686947,11.819300267496553,477,711
469,0,2.4405371514515903,21.403634713836073,480,709
470,0,2.089358781276086,16.531373049571656,482,711
471,0,2.129658233023263,20.924683081601508,483,706
472,0,2.1496592902249807,17.16221414448141,484,703
473,0,2.2315753072425064,11.791990941371889,485,696
474,0,2.03026029841783,22.212537363278713,491,696
475,0,2.0108857789176504,19.39949071685162,487,697
476,0,2.3421657236234124,17.807186725097637,487,696
477,0,2.1246357660661266,16.088326267322845,490,690
478,0,2.0371749585859997,10.549742221515391,490,689
479,0,2.4102974839392495,6.302809055976566,491,688
480,0,2.068141313231526,14.7585918552995,491,689
481,0,2.0298901932247304,11.38576972430088,491,687
482,0,2.041528385137037,16.731109340379113,494,687
483,0,1.9118820237607275,11.622272868371924,485,686
484,0,1.9053662281003072,8.042441355577772,490,686
485,0,2.320276451737553,9.283635103571838,486,691
486,0,2.006259483105967,7.785334827238626,491,687
487,0,2.1025856788699695,19.54638128683605,492,692
488,0,1.8268297985002313,14.086895361470576,477,678
489,0,2.1399070960058455,6.545305400315682,481,687
490,0,2.1274852284490695,10.616952124180663,490,689
491,0,1.9478189282187328,9.901840505213805,487,685
492,0,2.454361512580182,20.175958249921774,487,690
493,0,2.2464964710024313,32.261282393044084,488,690
494,0,2.0788859517544416,16.668448755712955,483,688
495,0,2.2003741507345222,11.404375812534054,483,691
496,0,2.048064111367928,13.449342390649038,483,688
497,0,1.8900317285516506,6.6245794932214315,490,686
498,0,2.321502259321,12.26396277017018,480,693
499,0,2.2357974292645024,28.012494049242147,486,688
500,0,1.929492297036529,8.712476309539243,494,694
501,0,2.1297967962504467,6.316783134665254,479,692
502,0,2.166439315939818,6.6759363596543135,490,688
503,0,2.106622589122911,5.7260818650823495,488,691
504,0,2.0391137491565523,6.598735581804465,484,688
505,0,2.184795400446662,5.071796992089828,484,690
506,0,2.276544801718278,5.287282804482488,483,688
507,0,2.3152452955427614,4.076131924089607,482,689
508,0,2.008953477621744,4.475525412782967,482,688
509,0,2.2233738773297906,4.136492202118188,485,692
510,0,1.7677611536204232,3.906811316141385,480,692
511,0,1.8180548813956217,3.2464250240550663,483,684
512,0,1.957026231326057,3.3616216673603088,486,688
513,0,2.110507446237651,2.892725451527563,484,684
514,0,1.9743906721141542,2.662246248537656,484,686
515,0,2.0953646125926757,2.383409447204252,478,676
516,0,2.4666767565720855,2.7652601434152486,484,679
517,0,2.185777443164291,2.294875601994145,486,686
518,0,2.4265886629453908,2.1863438198823917,480,683
519,0,2.1226375976007628,2.1619327694784847,478,680
520,0,2.2689917799532062,2.1415278949148977,478,681
521,0,2.3171357187698556,2.05093313001672,480,678
522,0,2.9443073517599556,2.3483646104624203,486,677
523,0,2.442706469992702,2.0223532798351394,477,680
524,0,1.9163473229630235,2.161257059560124,481,684
525,0,2.44596971559925,2.130924027326765,477,682
526,0,2.299931202012049,1.9542206140012124,474,682
527,0,2.043060977167895,1.8386865119167397,483,679
528,0,2.445536048760366,2.020050648739182,482,677
529,0,2.652206159119067,1.9251087289471367,479,683
530,0,2.5149405431612806,1.7162967970732377,480,683
531,0,1.9842632094357135,1.7754316648163746,477,681
532,0,2.5483654974863104,1.7639654607944792,479,684
533,0,2.378520791167819,1.526288295905004,475,681
534,0,2.429950317159875,1.6693695240069302,486,684
535,0,2.3826231396827966,1.6312944536254883,488,682
536,0,2.5004627807021422,1.492888047575485,480,686
537,0,2.4889457650909153,1.6459483611691175,475,683
538,0,2.324548526720205,1.8393147654265833,490,682
539,0,2.388693892208953,1.781984958994956,485,679
540,0,2.729847025554582,1.6611286808149284,482,684
541,0,2.396702150500697,1.4800413402795365,480,683
542,0,2.7016291496320246,1.3903441687831761,474,683
543,0,2.285916215766168,1.3936920537146502,478,685
544,0,2.3651858921137077,1.512895287405641,477,687
545,0,2.0572239798996295,1.3827016816499154,474,682
546,0,2.1805103052847947,1.394461540785387,478,685
547,0,2.7028391959914937,1.560322166884502,476,685
548,0,2.339556650228459,1.5435198586878272,475,688
549,0,2.3616008546852565,1.437587362009928,474,684
550,0,2.4326950398982863,1.716205296106972,480,683
551,0,2.239756068240041,2.388552225623337,483,686
552,0,2.0960290655065967,1.8957636303213443,480,687
553,0,2.25349846826249,1.8823670342076322,474,687
554,0,1.733469402132751,1.6498640366014348,476,690
555,0,1.9599258012596006,1.5425533022012514,477,684
556,0,2.1111594792566466,1.8242792371110643,473,692
557,0,1.9325290057610878,1.6031382663286347,474,687
558,0,1.9901485373193926,1.5943626089259921,477,689
559,0,1.9874574433743923,1.62315883034023,470,698
560,0,1.890890920112976,1.9580769271666145,472,688
561,0,2.37056918982431,1.7977051383661824,471,694
562,0,2.0346991279987217,1.908891369629516,469,692
563,0,2.0807905023132687,1.7087913305210738,468,692
564,0,2.219477363455133,1.708113313055409,464,696
565,0,2.2146973279012294,2.3577435991598823,467,698
566,0,1.8994295445363354,1.6273331571449727,469,700
567,0,2.3369313620018635,1.6366163124874278,467,695
568,0,2.1515913922321,1.8569879476925357,463,703
569,0,2.384790085861514,1.720654267236966,474,698
570,0,2.016506797916699,1.776364130259707,465,701
571,0,2.3605805859717446,1.8337808374815214,467,700
572,0,2.0422362333779214,1.7472198937255756,463,701
573,0,2.113494016740736,1.594208975595751,469,696
574,0,2.2022190220061186,2.1252453831609266,469,698
575,0,2.669252156291588,1.7237881403897068,466,699
576,0,1.8667305159185181,1.8258158743073438,463,696
577,0,2.01024649104726,1.9643803819378336,458,698
578,0,2.2767933361770507,2.3158116248867446,464,699
579,0,2.1307290691674696,2.0652705656286114,469,697
580,0,2.092448685230178,1.564063284963728,458,701
581,0,1.9692657644392653,1.5538975777606832,467,696
582,0,2.117288894043836,1.68584661076386,461,698
583,0,2.290027556428932,2.1726214319488797,466,697
584,0,2.151290719220448,1.9138647383785379,463,699
585,0,2.211806740391374,1.8932411413128336,462,701
586,0,2.075820801280371,2.027272408916521,470,699
587,0,2.0723537887388943,1.818981641639213,470,699
588,0,2.1911653381024667,1.934756222686965,467,699
589,0,2.639432791671382,1.9756886706654848,463,701
590,0,2.4293045400626747,1.6714827259459548,467,698
591,0,1.9445201761082669,1.9841872415722446,465,699
592,0,2.3036700379760724,1.7518324472468612,463,696
593,0,2.1476842481637,1.7306695380310693,464,693
594,0,2.089334281095077,1.6160396215394857,465,695
595,0,2.2663387170085105,1.711682328918607,463,693
596,0,1.9174805448441667,1.8130991445646045,466,695
597,0,1.8786756159794273,2.0374850722624362,465,694
598,0,2.1613895950945974,1.5794528594462736,463,694
599,0,1.9814354431617947,1.566018163985646,468,693
600,0,2.0164260590116445,1.5934987592331438,467,686
601,0,2.144202053987934,1.671220679386442,473,687
602,0,1.976443944067071,1.8161437411271004,473,685
603,0,2.1122366574194023,1.8838868884017863,466,689
604,0,2.0025705636068762,1.781736467710628,466,689
605,0,2.003674732431171,1.8638907416251909,464,687
606,0,2.0900095781239045,2.0462034085145473,470,687
607,0,2.1988871483897663,2.3655599115020642,466,684
608,0,2.1283262264047704,2.503432381039481,465,684
609,0,2.0895269795558686,2.6373279126269744,463,684
610,0,1.937617189318432,2.877281029258603,465,688
611,0,2.0148813974447863,3.403143328092355,464,683
612,0,2.1642423543764764,5.341894349899776,466,689
613,0,2.3239990964111263,4.181128153553484,469,682
614,0,2.0850215913420396,6.170000811242478,464,681
615,0,2.1021429817289814,6.389945108019526,464,682
616,0,2.390091635118344,5.249784961556677,467,685
617,0,2.2995982253134404,4.9069360493420575,465,690
618,0,2.1314256949918464,10.965437801249402,463,686
619,0,2.1262074495377004,12.666945173497451,464,689
620,0,2.42237001290982,10.50937868496105,461,691
621,0,1.9811970134575252,27.873730330251906,460,691
622,0,2.0040333165874262,18.336416141763657,464,692
623,0,2.0850419380684055,95.77187195427328,456,693
624,0,2.2653767958386846,21.119538531724103,455,692
625,0,2.1520934656515034,47.78681308032058,460,692
626,0,2.099812420626955,65.61709190443597,459,694
627,0,2.042917391959504,23.55177487453836,456,687
628,0,2.3502414829092566,17.509565648668794,454,690
629,0,2.3954039461908345,6.737369636191784,457,692
630,0,2.000879571673594,96.79143127201948,456,691
631,0,2.1570909352942165,25.303349312216305,456,693
632,0,2.1361455424806017,8.800038787151456,452,694
633,0,2.2395666800551646,8.762567891642467,459,689
634,0,2.322171567835361,41.05735061265586,464,688
635,0,1.9452480473053397,13.164786685941506,461,687
636,0,2.057525748922679,42.314749919787786,463,687
637,0,2.5080603700257553,11.620201430816417,461,692
638,0,2.456796184846787,9.173706210917594,458,694
639,0,2.4835440456916205,29.43175939397251,463,692
640,0,2.625441682882143,13.15516974520265,465,691
641,0,2.4709418922236805,19.54326044094744,472,696
642,0,2.430262443131409,16.93293567888528,466,699
643,0,2.8273873764500497,29.259958472898703,471,698
644,0,3.044816491260994,6.519333891998008,464,702
645,0,2.6088438315997156,15.864101672233897,472,703
646,0,3.0525581606621985,7.778333147243085,468,705
647,0,1.9901373671570646,11.239095050307723,474,701
648,0,2.473008347262542,16.250433959322677,466,701
649,0,2.2238980609894474,7.4292520695251305,471,706
650,0,2.6578623076932466,12.229636617439583,469,703
651,0,2.5872338203482115,63.1762132638788,466,706
652,0,2.7014583230313156,10.309768641521964,472,699
653,0,2.4768156585211374,27.979666946075064,472,705
654,0,2.4735946418780763,11.910677814979515,469,704
655,0,1.9205803020220547,8.873660219643375,474,702
656,0,2.2606470998371146,10.193068900106535,472,703
657,0,2.28344648471945,8.329566219994843,466,703
658,0,3.8303001076790766,26.1927073497117,472,708
659,0,2.956322541786129,15.804258075723888,468,705
660,0,2.512085141232056,8.967589962091962,467,703
661,0,2.059636703303564,7.713535936017404,472,707
662,0,2.9183297380740973,11.63353622537456,469,706
663,0,2.141467898233182,15.02771968286722,467,708
664,0,2.3602539317964237,15.667638038759613,468,705
665,0,1.9824824272168629,22.377160907384486,468,713
666,0,2.6754413696621695,10.875808320534894,470,697
667,0,2.1603690198400347,25.95019809901569,469,701
668,0,2.0399519420911303,41.06612307760212,468,703
669,0,2.396222423371454,12.143098455275181,462,705
670,0,2.3661082429688634,29.298547165356904,468,698
671,0,1.8897902941398081,18.21940314097618,463,698
672,0,2.0583106793509214,17.22051049608589,467,702
673,0,1.9983962405232454,18.96809289009316,466,702
674,0,2.1083967306397002,7.576895865139121,464,699
675,0,2.0857197348355005,15.49312195771087,467,699
676,0,2.0879337620340594,10.046138115883078,460,702
677,0,2.101631762309413,25.710457544829275,465,700
678,0,2.007585994370905,28.17771376590825,462,694
679,0,1.9461015847664216,15.186060105191707,463,697
680,0,2.136495415256605,28.115355929971834,465,698
681,0,2.2048846500322403,40.27673829012564,459,698
682,0,1.9769905866312554,13.000250563226723,464,700
683,0,2.4388443012794943,15.400898195110782,460,702
684,0,2.755460597698326,31.427997380282832,469,698
685,0,2.032911080703745,24.78054199133071,463,700
686,0,2.5749577837415094,9.092955628641196,468,699
687,0,3.124531341129911,12.614537306578011,466,699
688,0,2.4221202784589826,29.429233838978085,463,699
689,0,2.6458385224244516,15.649970780380606,463,696
690,0,3.0658971140254225,18.39400510434564,466,700
691,0,2.558104341937834,9.171073271763094,466,700
692,0,2.415486075316474,11.261794638580739,460,695
693,0,2.281795099983561,10.154828272844293,461,699
694,0,2.3675819883610387,29.304254516908752,461,701
695,0,2.2435921282454956,23.864606435347074,465,699
696,0,1.9687020599897957,15.672414723647302,466,697
697,0,2.1200104886594207,23.650715666237772,463,698
698,0,2.07020820354154,16.113200844916282,464,693
699,0,2.1035233934977517,19.02019550361316,461,698
700,0,2.1535075431604733,9.56629563430437,464,699
701,0,2.286466438290301,8.680174355963137,455,701
702,0,2.1950541960925256,40.779331034770685,466,698
703,0,1.9473941798748757,8.147590303597259,461,691
704,0,2.0812606593172354,32.485801368832576,463,698
705,0,2.1060887144659146,18.36608755563403,461,699
706,0,2.0628465811444734,11.114619570707717,466,694
707,0,2.0112853326941953,23.662813131857533,462,702
708,0,2.0078118007561687,11.101260685897099,464,696
709,0,2.2344702609988945,16.643370986794682,459,698
710,0,2.492001667092589,12.767035357801337,470,697
711,0,2.8093711615157178,10.540405215058993,463,697
712,0,3.053453349659727,16.7523380212396,469,695
713,0,2.892755662194414,15.031613454130982,468,699
714,0,2.148426995970221,11.415328778337074,466,698
715,0,2.835553304740477,85.31710080865174,467,699
716,0,2.554130897343115,7.785389591227631,466,699
717,0,2.5735317911900837,13.62461856079261,461,700
718,0,2.165597100222393,12.296243195436032,461,702
719,0,2.4900685602645476,12.080353435627567,466,700
720,0,2.183112128388206,19.41349946288399,464,701
721,0,2.339285786967051,15.317599646819458,466,701
722,0,2.512948856760813,9.32797456856371,462,696
723,0,2.109051114205987,13.402490255831054,463,698
724,0,2.5186389749938582,10.320901121718984,459,694
725,0,2.138823486459393,13.480077875442975,464,701
726,0,2.165046484442302,19.13461001532203,459,701
727,0,2.0310100994381934,9.410552984457546,460,698
728,0,2.5800267354930395,10.476531075203889,459,698
729,0,2.22563980573888,25.68089292780558,461,698
730,0,2.2347564504468718,14.239955553917984,456,698
731,0,1.9868681108790045,25.577130832874463,459,701
732,0,2.139506324015763,41.411213645481844,456,697
733,0,2.234378230997259,30.28095863660964,459,699
734,0,2.454963741158971,21.09092616463173,462,699
735,0,2.296458381637737,29.95674543831053,460,698
736,0,2.40022583631702,21.163659546444194,463,696
737,0,3.8042869897451888,18.5641179461616,463,698
738,0,3.1015161383261503,12.233412067801272,465,700
739,0,3.6821806306159885,9.99599526977404,460,702
740,0,2.40260827631315,inf,463,697
741,0,2.7410426614446743,22.436402496715182,465,695
742,0,2.1576378593452565,16.28191255446254,463,697
743,0,2.510574136711571,11.977336123641889,469,696
744,0,2.5577316280916618,24.531263055784464,470,694
745,0,2.3293153693522317,11.89613745758822,463,696
746,0,2.3146196347044024,25.226449767683714,464,691
747,0,2.4055939751943503,42.51018058324305,464,695
748,0,2.2907826870902595,13.98196748283246,463,691
749,0,2.274928651532176,26.45132908263699,465,695
750,0,2.3526234647255584,15.482320064880701,469,700
751,0,2.3218951790884743,18.063077261096442,464,700
752,0,2.408146611218174,12.682279106192055,468,700
753,0,2.507791139590675,5.781913491234862,477,696
754,0,2.519684233689237,5.189418734939199,482,700
755,0,2.3180079634551216,4.941612877513617,483,693
756,0,2.666685541298726,5.148187277555062,490,693
757,0,2.8675097457231047,3.969573273755145,489,694
758,0,2.903053149773556,4.980745900230543,494,687
759,0,2.4618204216937105,4.1614977419840296,494,690
760,0,3.1631233856499494,4.465057531010975,494,689
761,0,2.8274946919304567,4.212179131407813,489,686
762,0,2.4929195180418846,5.742064016768037,489,685
763,0,2.952963189194672,5.834418119163373,484,691
764,0,2.9406570675802124,5.483449018143088,486,687
765,0,2.661593376794153,7.929165743846993,483,693
766,0,2.937685562881924,7.869040577674416,485,694
767,0,2.6791911723548942,5.582604619977055,478,694
768,0,3.1895097935638073,5.76580351572347,478,696
769,0,2.9696583340789258,8.31654818586434,480,695
770,0,2.771788024626596,10.662668890229003,475,699
771,0,2.8744001179619207,10.04231350017554,482,697
772,0,2.608951218338586,8.987026928352584,477,701
773,0,2.837891059793198,6.0919884412159755,475,700
774,0,2.767353607588714,5.943362950692516,472,699
775,0,2.9687820131634184,12.200121965544175,475,701
776,0,3.1697465939814133,6.86899504197206,472,698
777,0,3.2052585503547784,6.28145811299466,470,699
778,0,2.905887707528205,7.026756927787564,473,700
779,0,3.619157416313148,8.16995908118521,474,702
780,0,3.5493983642818554,10.698159130251435,475,703
781,0,3.2348768637751792,7.341771610126879,471,705
782,0,2.659122711577411,8.102883719481316,474,699
783,0,1.5081219224577131,10.832023023574482,312,478
784,0,2.2966975058823937,18.593692082877954,314,482
785,0,1.840943919162213,7.217486163319542,312,478
786,0,2.1774347688826934,4.879791010074518,313,476
787,0,1.7934769944221993,14.071040904694145,311,478
788,0,1.688948788548639,inf,315,486
789,0,1.9863338979582277,6.113843680322033,313,476
790,0,2.0721982984076988,5.073301143900137,313,476
791,0,2.1372715909441107,3.375289238122611,312,475
792,0,1.901507437135373,5.28389515792546,313,478
793,0,2.592107352641836,3.8106914597041857,311,477
794,0,1.9529400215978718,7.748822030809837,310,479
795,0,1.9635486638304962,14.21658821379067,312,477
796,0,2.0366542926039823,10.000456843989726,313,476
797,0,1.778244840374863,5.612674908426388,311,473
798,0,2.0632198032386966,5.255815201660848,309,477
799,0,2.30288894732453,3.86980023914759,310,478
800,0,1.834070042547244,7.391428092460047,310,476
801,0,1.7717340476739016,3.351361764648659,310,476
802,0,2.069904108610278,4.337190374443567,310,475
803,0,2.047790907554874,5.304851936579693,312,476
804,0,1.6854255310788164,5.368781661672161,310,473
805,0,2.2005184222509113,3.57973656396535,312,476
806,0,1.8151841919557683,6.044852227838938,310,475
807,0,1.9647219459672733,4.189963321221126,309,473
808,0,1.986806375631902,5.261065962644347,309,474
809,0,1.9448840839974997,3.136268444866622,308,472
810,0,1.8060698934207007,5.984682894225069,309,473
811,0,2.4662304668847006,11.721980145505043,308,471
812,0,2.1465696767042566,8.823151603058346,310,472
813,0,3.2733611079873453,9.703593148327627,313,473
814,0,1.9977855607593449,3.3714564318754707,310,470
815,0,2.6697527869766082,3.6134635398036883,312,471
816,0,2.299737326982487,5.346443388288129,310,465
817,0,2.1477556645452083,3.0182872486542873,308,465
818,0,2.4980676248070925,5.981698362236913,309,464
819,0,2.196916831972712,5.1647285944168715,307,462
820,0,2.5040234170319096,4.069807785048076,313,461
821,0,2.4601257419390166,3.2829856282366894,312,463
822,0,2.251368754907218,7.189036373452915,313,459
823,0,2.0633594913960245,4.838296382461309,310,460
824,0,2.1164965275750296,6.12541278128151,310,460
825,0,2.2932367841067354,4.881669610614461,307,456
826,0,2.194999572406809,3.934394152340377,313,453
827,0,1.9915264068161125,3.2990471374639063,312,452
828,0,2.95027691978607,3.7891163259143394,310,450
829,0,2.614814647877709,3.0213352261058013,308,451
830,0,2.1161309098267447,3.2144868653337286,311,452
831,0,2.494776004226738,3.964543732727617,311,453
832,0,2.587499729627643,2.622971809132927,311,450
833,0,1.8860267103422363,3.1025778598778673,314,453
834,0,2.0073892540588907,2.515478372415173,308,451
835,0,2.002848531356233,3.5696594593928412,313,449
836,0,2.2759997889348416,3.0634649407841805,310,444
837,0,2.213428132236695,3.0497383991728437,313,444
838,0,2.1982714173345004,2.9181165007507563,314,450
839,0,2.1779166386372673,2.5194838207686536,312,450
840,0,2.113467453294003,3.082017029168883,312,449
841,0,2.2206034661745857,3.64710346291761,308,447
842,0,2.2096221494853663,2.48200571224067,311,446
843,0,2.1981983082923016,2.5837882497597695,310,445
844,0,2.1224623724389833,2.274600764132896,307,443
845,0,1.9937558331634375,2.7596510874360765,311,443
846,0,2.355054809039829,3.09679226445065,310,438
847,0,2.079436987066437,2.48377844257007,308,440
848,0,1.8445674953089002,2.669868705627712,308,442
849,0,1.824178689864432,2.8100014569751592,311,438
850,0,1.7525568281790385,2.511666262213614,308,436
851,0,2.0244202345408597,2.5559840038400945,307,437
852,0,2.1391530178738445,3.3033727028059863,308,434
853,0,2.139927477500186,2.4186396617261074,304,434
854,0,2.0305935598490237,2.124735698047657,305,439
855,0,1.7354339252113227,2.1534573686480174,308,430
856,0,1.9064357495980668,2.733510477434819,307,432
857,0,2.585573165953368,2.4778265996265114,308,434
858,0,2.1808229737487417,2.6482629185724322,304,434
859,0,2.1480690637684177,2.355675503762994,314,432
860,0,2.152319898621829,2.159580526936254,308,432
861,0,1.781251593100652,2.6083902987812273,306,432
862,0,2.323906474933133,2.329652369981016,306,432
863,0,2.4142279502323145,2.3560229115037075,306,435
864,0,2.0653569235879954,2.510026951935044,305,433
865,0,2.3560206399684516,2.913515740798415,310,434
866,0,2.0488051000656577,2.5209554225348323,304,434
867,0,2.1897248656510193,2.616780094477031,306,435
868,0,2.095275326414779,2.440438194151115,305,435
869,0,2.0514356864872534,2.18306524735162,304,434
870,0,2.305261276738101,2.2904948000933496,304,436
871,0,2.183329902986271,3.8687869785618485,309,432
872,0,2.355300359913242,2.3701476191939044,302,438
873,0,1.970710318400834,2.2556285546238484,312,435
874,0,2.2719703937919826,2.4443760612478904,305,436
875,0,1.9920426299933487,2.1975491995898953,312,434
876,0,1.9176680019910846,2.536349018922303,308,438
877,0,2.1171167219599707,2.273057698740754,304,432
878,0,2.247855132409443,2.4930247680591577,309,431
879,0,2.358085468354343,2.3643594279907485,305,435
880,0,2.336685739928157,3.7040744867965953,301,438
881,0,2.2982871803483835,2.98929272497426,305,437
882,0,2.4498749835138103,3.491784541507176,305,437
883,0,2.0529527863673565,4.5655863357451905,304,442
884,0,2.396089402522544,3.4102609052327373,308,441
885,0,2.7869841512667595,6.58057307476212,311,443
886,0,2.251729066643404,6.431370960664237,308,446
887,0,2.2016778872439144,4.37219531685488,309,449
888,0,2.4620736490942834,9.699954510027672,314,451
889,0,2.6865260872501437,4.044571729613557,312,449
890,0,2.0647521279642067,6.675795225478846,311,451
891,0,1.910787026213034,7.843769958239521,309,453
892,0,2.174738247826776,9.37877702382596,307,450
893,0,1.8642995819611419,6.500540086229742,312,455
894,0,1.8643745205094495,5.736272399193093,310,456
895,0,2.4711590091346816,7.008679243210129,314,456
896,0,2.0911269280489915,5.028873200400486,318,458
897,0,2.205036037864862,6.159218635080278,317,460
898,0,2.1836816548693045,18.201283023970976,311,461
899,0,2.0787285501261326,3.585451414514748,316,462
900,0,2.210720022807626,47.41199155781393,315,461
901,0,2.090786916331489,17.751223158167473,315,462
902,0,1.8726928931133047,11.482063894206652,318,465
903,0,2.072476472360006,11.919087527326306,313,464
904,0,2.2435923893538496,8.076357104737493,316,466
905,0,1.951779972185561,14.048920991588087,314,466
906,0,2.2015061243137017,4.11952690384015,313,467
907,0,2.1185370860183017,11.589186571115235,314,468
908,0,2.0040385524314184,4.313807264789849,314,470
909,0,2.2995753542547144,6.8067712217670255,315,468
910,0,2.1678288527800564,15.903580836378906,315,467
911,0,2.5269717639326155,17.406357524973213,318,469
912,0,2.527916037608615,12.246148453202336,314,468
913,0,1.9861911840613289,7.911193143958797,313,471
914,0,2.307655433483844,6.364691764150743,317,471
915,0,2.305231365944405,12.316996468192253,316,469
916,0,2.563557074481572,3.5678199813232916,317,471
917,0,2.204992892777576,6.084250305320649,317,471
918,0,1.8561256028161055,6.947474315557204,318,471
919,0,2.2428902820867527,5.759217992857589,319,473
920,0,1.8985535235503073,12.78191513056393,317,471
921,0,2.4133147219850675,4.290584075507068,318,476
922,0,1.723230088168569,3.1665019504179495,316,471
923,0,2.041467629265376,5.764328758348592,319,475
924,0,2.066537355038623,5.392672064264252,323,474
925,0,2.3908680801219897,12.771755459110027,315,477
926,0,1.8224090391390386,5.147929972455603,319,476
927,0,1.861603358986649,13.875872697454913,317,476
928,0,2.3876866777126082,11.470438108560398,319,479
929,0,2.118913131308034,inf,318,477
930,0,1.903077550019491,5.011310536483147,315,479
931,0,2.589457783264968,13.163895492348983,316,474
932,0,2.1706080329668196,7.765743985466901,316,479
933,0,1.9943752972366884,3.455692272070057,317,479
934,0,2.370192416580404,7.888020389156743,318,479
935,0,2.0479271145787994,8.250963876000885,315,478
936,0,1.9151993547237534,5.2905238360715074,316,476
937,0,2.0361550175775,10.390306255689683,314,480
938,0,2.3341476315304295,3.5483709675802104,316,480
939,0,1.9684369620156612,5.936148697302187,315,478
940,0,2.063849126144122,2.82746771492396,318,476
941,0,1.9425224970447967,4.225269263689376,316,480
942,0,1.9456228091967525,4.962993026740611,320,479
943,0,2.244461179242169,12.116355612852068,315,477
944,0,1.877541911678509,3.2853676562437775,316,477
945,0,1.9350086286879296,16.079783389857376,317,478
946,0,2.165732033068735,5.117901091319707,317,478
947,0,1.9816792385271134,4.407804210625682,316,476
948,0,2.2011514284207054,6.685056296557407,317,480
949,0,2.1731809804719258,6.71825616656948,316,481
950,0,2.2838729213925593,14.279199802887886,318,480
951,0,2.0524752871123466,6.31524476273006,317,479
952,0,1.8343016434667017,8.426022523146335,318,477
953,0,1.9653097771232897,3.4732998563063773,314,476
954,0,2.0379646307159254,26.888090282566512,312,476
955,0,1.970081715479171,4.331062938476009,314,476
956,0,1.9472095318081117,23.262171889492624,319,476
957,0,1.9062851473521087,7.293425045039925,310,477
958,0,2.264377645206434,6.100480146276297,318,477
959,0,2.025165993561536,47.38564469803201,311,477
960,0,1.8905705677471105,4.828103471443416,314,475
961,0,2.0611798644742723,4.5010063172535935,316,477
962,0,2.163286464085365,5.436517932594928,316,477
963,0,1.915886044085417,6.780337608030679,317,474
964,0,2.2266985309865754,3.8612681114945078,319,480
965,0,2.0396456461061283,7.342905827045418,314,474
966,0,2.025450727476346,5.465897916591904,313,474
967,0,1.9354791620817389,6.661926951378423,314,474
968,0,2.252709911337692,3.063929847478925,313,474
969,0,2.2972925035953384,3.8690195274918895,311,471
970,0,1.9327700322955288,5.2645288089829885,314,477
971,0,1.9614748054431617,5.512676659777399,313,473
972,0,2.063170811769951,7.687095403617856,312,471
973,0,1.6921318723216383,3.8584713365605556,319,477
974,0,2.049495393383011,4.32699029618471,314,475
975,0,1.981846081015116,3.419465195840116,314,477
976,0,1.8434187273534621,5.075576879324285,311,474
977,0,2.040968592819248,6.02209104862553,318,475
978,0,2.1335290350141243,4.489739265304629,318,476
979,0,2.161979264635548,7.666858045758845,313,476
980,0,2.1204382092364003,8.951971691327122,313,473
981,0,2.2739652647292257,12.457046338939861,314,477
982,0,2.027474082097413,4.332276367314466,317,476
983,0,1.9972549372851915,7.506388496924681,317,476
984,0,1.945209742619144,5.70897782866655,315,472
985,0,2.256467253401622,12.695405795824405,312,476
986,0,2.124396227311813,8.672005374904751,315,479
987,0,1.9479052191779607,7.12447982042658,313,477
988,0,1.950200640280134,7.753516281630008,316,478
989,0,2.4360603408806867,3.4334010547683196,316,477
990,0,1.9091633987011902,3.5794395169935553,315,478
991,0,1.8877620060705238,6.856791095677747,318,480
992,0,2.08725046093187,5.035290778106939,313,477
993,0,2.113553943065482,3.8349280107030284,311,477
994,0,2.0356084687223452,4.3547727232602425,316,480
995,0,1.9297638393525904,3.2928448556196646,315,477
996,0,1.9253767290525856,6.550348916773873,312,480
997,0,2.200279863522142,4.452626219676744,314,478
998,0,2.298801888816619,5.337159159127187,313,478
999,0,1.8951843299373574,18.81351034415191,317,478
1000,1,,,,
1001,1,,,,
1002,1,,,,
1003,1,,,,
1004,1,,,,
1005,1,,,,
1006,1,,,,
1007,1,,,,
1008,1,,,,
1009,1,,,,
1010,1,,,,
1011,1,,,,
1012,1,,,,
1013,1,,,,
1014,1,,,,
1015,1,,,,
1016,1,,,,
1017,1,,,,
1018,1,,,,
1019,1,,,,
1020,1,,,,
1021,1,,,,
1022,1,,,,
1023,1,,,,
1024,1,,,,
1025,1,,,,
1026,1,,,,
1027,1,,,,
1028,1,,,,
1029,1,,,,
1030,1,,,,
1031,1,,,,
1032,1,,,,
1033,1,,,,
1034,1,,,,
1035,1,,,,
1036,1,,,,
1037,1,,,,
1038,1,,,,
1039,1,,,,
1040,1,,,,
1041,1,,,,
1042,1,,,,
1043,1,,,,
1044,1,,,,
1045,1,,,,
1046,1,,,,
1047,1,,,,
1048,1,,,,
1049,1,,,,
1050,1,,,,
1051,1,,,,
1052,1,,,,
1053,1,,,,
1054,1,,,,
1055,1,,,,
1056,1,,,,
1057,1,2.022131141388483,8.665096958868057,336,584
1058,1,,,,
1059,1,2.2230137210378116,4.356123450984628,333,578
1060,1,,,,
1061,1,,,,
1062,1,,,,
1063,1,,,,
1064,1,,,,
1065,1,,,,
1066,1,,,,
1067,1,,,,
1068,1,,,,
1069,1,,,,
1070,1,,,,
1071,1,2.360511556126829,3.577091618141239,330,590
1072,1,,,,
1073,1,2.168537156987669,3.458185028767749,340,589
1074,1,,,,
1075,1,,,,
1076,1,,,,
1077,1,2.434587177343016,3.5342864156024945,317,591
1078,1,,,,
1079,1,,,,
1080,1,,,,
1081,1,,,,
1082,1,,,,
1083,1,,,,
1084,1,2.3566907264192656,3.4927588756638133,327,588
1085,1,,,,
1086,1,,,,
1087,1,,,,
1088,1,,,,
1089,1,,,,
1090,1,,,,
1091,1,,,,
1092,1,,,,
1093,1,1.7805419669199984,6.36516312668904,311,569
1094,1,,,,
1095,1,,,,
1096,1,,,,
1097,1,,,,
1098,1,,,,
1099,1,,,,
1100,1,1.714303288213244,6.6178976967108145,327,573
1101,1,,,,
1102,1,,,,
1103,1,,,,
1104,1,,,,
1105,1,,,,
1106,1,,,,
1107,1,,,,
1108,1,,,,
1109,1,,,,
1110,1,,,,
1111,1,,,,
1112,1,,,,
1113,1,,,,
1114,1,,,,
1115,1,,,,
1116,1,1.9315328606864028,5.249357998773907,313,571
1117,1,,,,
1118,1,,,,
1119,1,,,,
1120,1,,,,
1121,1,,,,
1122,1,2.0377987653434984,49.123540671362846,328,618
1123,1,,,,
1124,1,1.8002205685173487,5.9296926211009255,314,568
1125,1,2.221078883966688,3.706147805661209,328,601
1126,1,2.115652422934411,4.041226062258573,347,563
1127,1,,,,
1128,1,,,,
1129,1,,,,
1130,1,,,,
1131,1,,,,
1132,1,,,,
1133,1,,,,
1134,1,,,,
1135,1,,,,
1136,1,,,,
1137,1,,,,
1138,1,,,,
1139,1,,,,
1140,1,,,,
1141,1,,,,
1142,1,,,,
1143,1,,,,
1144,1,,,,
1145,1,,,,
1146,1,,,,
1147,1,,,,
1148,1,,,,
1149,1,,,,
1150,1,,,,
1151,1,,,,
1152,1,,,,
1153,1,,,,
1154,1,,,,
1155,1,,,,
1156,1,,,,
1157,1,,,,
1158,1,,,,
1159,1,,,,
1160,1,,,,
1161,1,,,,
1162,1,,,,
1163,1,,,,
1164,1,,,,
1165,1,,,,
1166,1,,,,
1167,1,,,,
1168,1,,,,
1169,1,,,,
1170,1,,,,
1171,1,,,,
1172,1,,,,
1173,1,,,,
1174,1,,,,
1175,1,,,,
1176,1,,,,
1177,1,,,,
1178,1,,,,
1179,1,,,,
1180,1,,,,
1181,1,,,,
1182,1,,,,
1183,1,,,,
1184,1,,,,
1185,1,,,,
1186,1,,,,
1187,1,,,,
1188,1,,,,
1189,1,,,,
1190,1,,,,
1191,1,,,,
1192,1,,,,
1193,1,,,,
1194,1,,,,
1195,1,,,,
1196,1,,,,
1197,1,,,,
1198,1,,,,
1199,1,,,,
1200,1,,,,
1201,1,,,,
1202,1,,,,
1203,1,,,,
1204,1,,,,
1205,1,,,,
1206,1,,,,
1207,1,,,,
1208,1,,,,
1209,1,,,,
1210,1,,,,
1211,1,,,,
1212,1,,,,
1213,1,,,,
1214,1,,,,
1215,1,,,,
1216,1,1.7106017755939213,8.835638323754164,364,552
1217,1,1.8163300289958815,5.209869831242944,368,556
1218,1,,,,
1219,1,,,,
1220,1,,,,
1221,1,,,,
1222,1,,,,
1223,1,,,,
1224,1,,,,
1225,1,1.8873653335995009,6.198820026264264,367,558
1226,1,,,,
1227,1,1.911882186306963,7.065956736568839,365,554
1228,1,1.713190334688002,4.670433957177808,363,550
1229,1,1.9783981471928012,6.030769193948995,362,550
1230,1,,,,
1231,1,2.058853454589449,9.52886358998111,368,554
1232,1,,,,
1233,1,2.866896728479629,4.022019160696293,388,608
1234,1,,,,
1235,1,1.7931495253528,9.823684390728001,368,556
1236,1,3.5933478404229504,3.6518085481613802,386,608
1237,1,1.7547691716340155,9.178296979791373,370,551
1238,1,3.298203251603308,4.501391864868475,391,608
1239,1,2.107607152872935,14.322088261796347,313,513
1240,1,1.976354397980372,3.5560113631236323,312,516
1241,1,1.6415622018721443,4.256521015642875,313,516
1242,1,1.8366242827541155,4.309050925601865,312,516
1243,1,1.9611722503610989,5.446808796956178,312,516
1244,1,2.07582495272069,3.625560230444574,312,513
1245,1,1.8114012600760696,10.578628947660523,310,515
1246,1,2.11956639422936,3.2375323246737553,316,514
1247,1,1.7549003298017691,3.1818469622739554,318,513
1248,1,1.9382699489720683,4.938105214018133,317,516
1249,1,2.1805952887990774,6.433479199597377,315,517
1250,1,1.8010552334598642,5.601210085873947,316,519
1251,1,2.025686762147531,10.081015514318816,315,516
1252,1,1.9177165197403168,6.59783060459759,311,511
1253,1,2.0444885569633215,3.6371022822440904,316,516
1254,1,1.8252959214682667,6.977816213488478,317,521
1255,1,1.9006560542955853,6.821502109726392,314,518
1256,1,2.589321729779032,4.3859033461688774,318,520
1257,1,1.7857448089868853,8.644965076783736,314,520
1258,1,1.912886334706129,4.402282362441487,318,520
1259,1,1.8298128601015562,6.436041444616652,319,515
1260,1,2.0263184139906505,4.586499269146965,316,518
1261,1,2.6127767569602756,5.542707373988686,316,517
1262,1,1.833730356804728,3.8244503798947083,317,515
1263,1,2.0860065673147337,5.159586861550706,319,515
1264,1,2.0308574936292962,6.101051143311689,319,515
1265,1,1.9008161361878733,9.930422457805497,317,517
1266,1,2.3092017999903676,7.445910217016667,311,516
1267,1,2.018717127515921,3.255891003264508,316,516
1268,1,2.2940109030168436,3.3549496231262546,318,519
1269,1,1.8949406577759544,6.902520687181355,317,518
1270,1,2.0749961399077166,7.010052827171583,317,518
1271,1,2.297141733229126,3.0297479530144154,316,517
1272,1,1.979778487588788,9.008005344548044,315,515
1273,1,2.5231644239269304,4.876008409355356,318,517
1274,1,2.251107997458818,3.4621652444639848,315,514
1275,1,2.710284566678043,7.630571164881554,315,514
1276,1,2.718781627211284,12.120551687687769,318,515
1277,1,2.649575922991752,8.085554902215737,317,512
1278,1,2.01104554489972,4.173022680242535,315,517
1279,1,2.493580490398299,3.3503262408213765,318,517
1280,1,2.2265609770940697,14.43403922638973,316,518
1281,1,2.172228522990501,3.0958369478249446,317,515
1282,1,2.2826276745770584,5.408906036119495,318,517
1283,1,1.9923359953597721,4.263908181896811,319,515
1284,1,2.3071175208892125,5.313496884105466,320,518
1285,1,1.8763350408689625,6.522508389299828,324,514
1286,1,1.942486584822668,23.395044568577422,325,516
1287,1,2.02177936291211,3.270032759306945,327,503
1288,1,1.7744065968064116,9.403161199396791,331,514
1289,1,1.8629428673527872,13.394085079617657,338,517
1290,1,2.1995658049859665,7.601057176494538,334,514
1291,1,2.0028874011344127,22.369446206326664,334,518
1292,1,2.1510278398856686,5.424867699977261,336,516
1293,1,1.973443681491559,15.673209900725286,337,518
1294,1,2.0053574713872946,9.501314968448249,335,517
1295,1,2.269922074584375,22.02113484141119,335,511
1296,1,1.8972817785050098,7.081882939772585,347,520
1297,1,2.365869521058352,6.529683023672122,335,510
1298,1,2.0048576965053155,8.707394571702432,339,518
1299,1,2.1805866336394573,6.702452765787474,337,518
1300,1,1.61476687999805,45.82947223560755,337,510
1301,1,1.953462924731701,4.29769593791876,351,516
1302,1,2.1913224123851878,4.69035045966634,353,518
1303,1,2.004249959224181,4.113735699402793,362,516
1304,1,1.9317134373610911,9.558478480771297,360,511
1305,1,2.015128157072061,5.429121232407867,375,515
1306,1,1.8233352767565558,11.588637693798834,379,515
1307,1,1.6807021532308204,3.6085662623593824,385,517
1308,1,1.9539473152618247,2.6523049058265253,362,515
1309,1,1.8995563903066979,10.70437703516333,384,516
1310,1,2.0866526351094183,6.079085778403913,383,516
1311,1,2.6626494536903023,3.9030098722067343,382,507
1312,1,2.632904016775279,2.8502588605187653,374,499
1313,1,1.7540020192977765,3.87783110906041,384,503
1314,1,1.9763713185261018,7.062297527473276,389,509
1315,1,1.9529241376187705,inf,376,497
1316,1,1.8603024378179764,4.8797007159988235,383,514
1317,1,2.0211141283108125,10.083842613940728,383,515
1318,1,1.8941493712885866,4.311839945676061,392,496
1319,1,1.846456039773736,3.5989101393841123,392,512
1320,1,1.91570313456489,6.653757020619928,385,499
1321,1,2.0143961595471573,4.968513254496664,393,515
1322,1,2.138888888888889,15.33037536508794,381,493
1323,1,2.0705261300112103,4.609481028850677,386,512
1324,1,1.7915140742932323,6.623967759570404,387,514
1325,1,2.043736768878531,3.1094315065417577,382,503
1326,1,1.8072077520210055,2.3158044584495605,393,512
1327,1,2.0300230621242026,inf,383,517
1328,1,2.2045454545454546,4.4273810772332745,392,516
1329,1,1.6910075426406337,2.6987743358516907,360,481
1330,1,2.1025151228064063,2.990213868251691,345,497
1331,1,2.376540202380834,3.695352496991338,395,517
1332,1,2.250284898143885,4.043987668244469,353,485
1333,1,1.693189496661804,3.2980156352381833,392,509
1334,1,2.347158614990157,3.982737951918059,383,521
1335,1,2.1448947439838912,4.723466991765452,355,493
1336,1,2.0155064519556687,3.724293134425356,391,510
1337,1,2.2537507566342834,4.906822845333469,357,495
1338,1,2.17049495053957,15.979798691318239,391,517
1339,1,2.0027576239627374,2.5758654284143003,345,496
1340,1,1.8299953344681752,2.60986918048459,355,498
1341,1,,,,
1342,1,2.140505184638256,5.1392270586716124,389,513
1343,1,2.1543593839503847,4.874222198998342,391,513
1344,1,2.070015441557243,39.36433155502227,343,525
1345,1,,,,
1346,1,2.4215960128310705,3.4320479773650328,340,494
1347,1,1.9390178497646655,8.462618197884899,346,500
1348,1,2.19750766224393,2.590946496793713,354,497
1349,1,2.080023529115401,4.077714697850893,384,512
1350,1,1.9976531891190916,8.004938729156603,386,512
1351,1,2.3140574414728494,7.240957469543634,340,494
1352,1,2.2466904129153216,9.46941736737236,367,492
1353,1,2.3902215171422547,11.2005441192854,375,513
1354,1,2.037117926519839,8.404064813514735,353,469
1355,1,2.0868149534581812,4.1487409407034574,392,516
1356,1,2.371095320038544,3.7047677346434096,389,512
1357,1,2.0761994826586356,4.998820606386046,388,514
1358,1,1.8333101758713588,4.247817994407823,386,519
1359,1,2.020960958070983,4.228899687286585,388,523
1360,1,2.369587016984287,3.636668423129892,360,493
1361,1,2.16984848545044,6.394369284111848,359,493
1362,1,2.2204143659727915,8.059984422292994,355,492
1363,1,1.9756831470751357,20.75608116254398,366,492
1364,1,1.9272859758239922,4.141749983475478,372,521
1365,1,1.7369913904217613,3.3991411287902595,382,517
1366,1,2.045658021856504,5.6364407364816165,358,496
1367,1,1.736582393885731,29.339001811578488,370,527
1368,1,1.6342932691607752,7.491087672656058,369,523
1369,1,1.5999896344764846,7.923675757617618,359,527
1370,1,1.720878252823328,4.498798939125399,366,527
1371,1,1.826752192227985,4.423742930761637,367,521
1372,1,1.6605329092368104,4.719130423075162,358,519
1373,1,1.6661002942255323,4.433874758708462,356,512
1374,1,1.9265437161574628,3.989878840728115,350,516
1375,1,1.6802633759388916,13.413051897929709,353,517
1376,1,1.816391902564436,4.110517315176526,353,519
1377,1,1.6816450279662047,7.94129720979201,348,514
1378,1,1.5163847503782026,4.107146590675306,350,522
1379,1,1.828840904381947,20.896817990356407,348,519
1380,1,1.761658477195479,4.9448922819477765,354,522
1381,1,1.8478619840747625,3.5693975664201054,348,519
1382,1,1.8027573196571884,3.336945185556553,346,519
1383,1,1.9707900138832777,5.074837409225628,344,522
1384,1,2.0115305247817656,5.420783096048796,348,520
1385,1,1.701699306738143,5.823097677006311,339,518
1386,1,1.74982074154115,5.452875419233781,342,520
1387,1,1.751625374942971,5.996887460260968,330,516
1388,1,1.7842125561518758,7.9845910023989495,329,514
1389,1,1.9462743243071963,9.451891600839172,322,515
1390,1,1.9343434716032764,11.939172394665123,313,518
1391,1,1.8837846265559315,7.674326286529061,303,517
1392,1,1.9063175347296877,35.34812006446005,299,520
1393,1,2.0050278226231404,12.08600628020277,294,520
1394,1,1.8335551827916423,24.05283386799874,287,519
1395,1,1.8720684737575217,15.800671599172652,282,517
1396,1,1.8027107968635023,23.18530688494799,277,518
1397,1,1.905647379846441,9.005766161665813,273,520
1398,1,2.047751637557545,7.500179959513547,268,517
1399,1,1.74304371762284,8.706657784200559,263,519
1400,1,2.002060329191849,12.449573823500344,261,519
1401,1,1.8921172215405206,13.652974426633605,261,515
1402,1,1.8133996221169086,6.854685231295564,260,517
1403,1,1.9838677152505482,18.704932102937377,257,518
1404,1,2.0844686732408926,13.946485981431909,256,517
1405,1,1.9146855588112288,24.74067678527497,256,518
1406,1,2.3372426363717516,49.72017058681889,255,517
1407,1,1.7189674102084722,26.050939807285317,252,519
1408,1,1.8818360653113424,23.07279770173603,253,518
1409,1,1.9796762135215056,11.75713956795966,254,518
1410,1,1.892333256803707,9.797019463878662,252,521
1411,1,2.0138210935603524,8.354842117184862,253,520
1412,1,1.8544210334627618,35.501351615377054,253,520
1413,1,1.8386714050337432,14.355068526631054,252,518
1414,1,1.940832080349184,16.27103646626738,250,518
1415,1,1.877363328981637,7.289328262776608,252,519
1416,1,2.132704609468771,7.31937555166191,249,518
1417,1,1.9098623704747757,20.97313935342982,248,515
1418,1,2.0382066633117946,9.444432323730421,250,515
1419,1,2.017312338038594,46.12745387629573,250,515
1420,1,1.7938288079418534,9.361405931719942,249,516
1421,1,1.8905160474778002,inf,247,516
1422,1,1.9662792806185316,8.000171792306274,248,516
1423,1,1.8617965775388192,7.158762542667956,249,519
1424,1,2.0179874860183196,5.907012286009676,251,516
1425,1,2.144772022688449,35.77983806294843,246,519
1426,1,1.7964613839066268,21.312173373883482,250,518
1427,1,2.044380509122199,27.310530901914944,250,516
1428,1,2.011844816593558,51.2002747232013,247,517
1429,1,2.1493556126070477,20.1638464332792,252,515
1430,1,1.6939863555704893,8.387786590562754,249,514
1431,1,1.9642050055536306,inf,248,512
1432,1,1.7981302246766269,9.879612321745038,248,517
1433,1,1.923568274579261,6.378538839647064,247,515
1434,1,2.1825592181325177,49.07697746499957,251,517
1435,1,2.466268745017366,21.02273850523627,250,516
1436,1,2.731183341250234,37.62807570777247,254,516
1437,1,2.163126404956139,23.112028525894694,259,517
1438,1,2.157116455218821,16.03335140595439,263,517
1439,1,1.9076112818489823,12.34713595499958,272,518
1440,1,1.88514529170351,44.65399098458507,275,517
1441,1,2.021476319546958,17.890610324811025,280,516
1442,1,1.945169350628666,31.484302193095736,284,518
1443,1,2.2448013597893794,9.73778303596925,289,514
1444,1,1.845228165011858,11.60145037004106,293,516
1445,1,2.0446032341705838,45.74456978843406,297,515
1446,1,2.0184263013621786,49.47790294487413,301,514
1447,1,1.9592251688768112,7.444393617422831,306,513
1448,1,1.9302109483143732,27.703642559583038,306,515
1449,1,2.0216053982517357,13.818278142056156,311,515
1450,1,1.9200145974445464,17.701624713872118,309,515
1451,1,1.8479322199795936,3.9524263579411665,313,516
1452,1,1.9378329702139467,13.514788637442162,314,516
1453,1,1.7405502253885696,15.477028353592223,317,517
1454,1,2.009508384657206,24.071022418241544,319,513
1455,1,2.090232666277629,17.6815176261661,321,513
1456,1,2.001273706283917,17.550407396843752,323,517
1457,1,1.9445844693347865,13.954743479368913,323,512
1458,1,2.0061789868240463,50.852641301519064,322,513
1459,1,1.8979490488255655,22.9404606659332,320,514
1460,1,1.9274301605804025,18.003538801508693,318,510
1461,1,1.772777556219088,11.98165165890226,319,512
1462,1,2.1266402693873516,26.819559062139874,315,513
1463,1,2.016445177891212,inf,319,514
1464,1,1.795568471532361,9.58315260991699,318,515
1465,1,1.8788257002667863,25.448031834000467,318,513
1466,1,1.79371836292565,13.364168605419911,321,511
1467,1,1.9815467008849206,8.782100990151948,318,512
1468,1,2.087972055606228,23.390778622781312,321,513
1469,1,1.858545505405864,8.137532118268732,317,511
1470,1,2.0061670048761147,9.67121886444903,319,514
1471,1,1.982557968351231,4.469146660407825,321,513
1472,1,1.8906018696786742,10.944583406164687,320,511
1473,1,1.7836418711670725,12.673511841268907,317,513
1474,1,1.9792835632033718,5.035590118060837,317,514
1475,1,2.0195969427090965,10.057342605416858,317,512
1476,1,1.7981213640774596,4.441403829221266,316,509
1477,1,1.8586977016750121,11.905007345673283,319,514
1478,1,1.9889151292197738,7.324263155335093,316,513
1479,1,2.1109026385501304,5.26904597392344,318,510
